Name,التقنيات,الرخصة,الشعار,الكود المصدري,الوصف بالإنجليزية,الوصف بالعربية,حالة البيانات,حالة المشروع,روابط,زمن آخر تعديل,مسؤول البيانات,مفتوح المصدر,نوع المبادرة,وسوم
Iqra,"CSS, Express.JS, Flask, HTML, Java, Node.JS, Python, ReactJS, Speech recognition",MIT,230x0w.webp,https://github.com/Crescent-Labs,Iqra is an open-source platform that allows users to search the Quran using speech recognition technology. The platform provides seamless access to Quranic texts through mobile and web applications.,منصة مفتوحة المصدر تمكّن المستخدمين من البحث في القرآن الكريم باستخدام تقنيات التعرف على الصوت عبر تطبيقات مختلفة للأجهزة المحمولة والويب. تتيح المنصة للمسلمين الوصول إلى النصوص القرآنية بسهولة عبر تكنولوجيا البحث الصوتي.,اكتمل ✅,متوقف صيانته 😑,"https://github.com/Crescent-Labs/iqra-web, https://github.com/Crescent-Labs/iqra-api, https://github.com/Crescent-Labs/iqra-ios, https://github.com/Crescent-Labs/iqra-android, https://apps.apple.com/us/app/tarteel-%D8%AA%D8%B1%D8%AA%D9%8A%D9%84-memorize-quran/id1391009396, https://play.google.com/store/apps/details?id=com.mmmoussa.iqra",٢٤ أكتوبر ٢٠٢٤ ١٢:٢٠ ص,Abd El-Rahman Bayoumi,Yes,"RESTful API, تطبيق iOS, تطبيق أندرويد, تطبيق ويب",القرآن الكريم
PyQuran,"Data Analysis, Python",GNU General Public License v2.0,book.png,https://github.com/hci-lab/PyQuran," Python package that provides tools for Quranic analysis and Arabic texts. It allows users to retrieve Quranic text, perform advanced searches, transliterate between different alphabetical systems, and generate word frequency tables.",هي حزمة بايثون توفر أدوات لتحليل القرآن الكريم والنصوص العربية. تتيح للمستخدمين استرجاع نصوص القرآن، البحث المتقدم، التحويل بين أنظمة الأبجدية المختلفة، وإنشاء جداول تكرار الكلمات.,اكتمل ✅,نشط 🚀,https://hci-lab.github.io/PyQuran-Private/,١ نوفمبر ٢٠٢٤ ٨:٣٠ م,Abd El-Rahman Bayoumi,Yes,مكتبة برمجية,"القرآن الكريم, اللغة عربية"
HadithHouseApi,"Angular, Backend, Django, Elasticsearch, Grunt, Jenkins, PostgreSQL, Python, TypeScript",MIT,manuscript.png,https://github.com/hadithhouse/HadithHouseApi,"HadithHouseApi serves as the backend for the Hadith House project, which aims to collect and classify the sayings of Prophet Muhammad (Hadith). This project provides APIs that allow developers to access the Hadith database, including details of the chain of narration (Isnad) and the text (Matn), with capabilities for search and filtering.",يُعد مشروع HadithHouseApi بمثابة الواجهة الخلفية لمشروع Hadith House، الذي يهدف إلى جمع وتصنيف الأحاديث النبوية الشريفة. يوفر هذا المشروع واجهات برمجة تطبيقات (APIs) تُمكّن المطورين من الوصول إلى قاعدة بيانات الأحاديث، بما في ذلك تفاصيل السند والمتن، مع إمكانية البحث والتصفية.,اكتمل ✅,ميت ☠️,https://github.com/hadithhouse/HadithHouseWeb,٣ نوفمبر ٢٠٢٤ ٣:٢٣ م,Abd El-Rahman Bayoumi,Yes,RESTful API,"إسلام, الحديث النبوي"
"Alfanous ",Python,AGPL-3.0 License,1835951.png,https://github.com/Alfanous-team/alfanous,"Alfanous is an Arabic search engine API provides the simple and advanced search in Quran , more features and many interfaces…",الفانوس هو محرك بحث عربي يوفر API ادوات متقدمة للبحث في القرآن,اكتمل ✅,متوقف صيانته 😑,http://www.alfanous.org/,٢ نوفمبر ٢٠٢٤ ١:٥٨ م,"ezz ",Yes,"CLI, تطبيق ويب, مكتبة برمجية",القرآن الكريم
مصحف البشير الالكتروني (مبني على مصحف عثمان الالكتروني),Python,رخصة وقف من أعجوبة,albasheer-128.png,https://github.com/yucefsourani/albasheer-electronic-quran-browser,"Albasheer Electronic Quran Browser is an open-source application for displaying the Holy Quran, based on the Othman Electronic Quran Browser project. It features a modern user interface, dark mode support, customizable background and text colors, and supports audio recitations, translations, and tafsir.",مصحف البشير الإلكتروني هو تطبيق مفتوح المصدر لعرض القرآن الكريم، مبني على مشروع مصحف عثمان الإلكتروني. يتميز بواجهة مستخدم حديثة، دعم الوضع الليلي، إمكانية تغيير ألوان الخلفية والنص، ودعم التلاوة الصوتية والترجمات والتفاسير.,اكتمل ✅,نشط 🚀,,١ نوفمبر ٢٠٢٤ ٨:٥٩ م,Abd El-Rahman Bayoumi,Yes,برنامج سطح المكتب 💻,القرآن الكريم
قاعدة بيانات القرآن الكريم (Quran Database),"Database, SQLite",NONE ❌,68747470733a2f2f312e62702e626c6f6773706f742e636f6d2f2d4b5545456d76626259714d2f587272686e756b794835492f41414141414141414f52512f6e354b476b572d47696b5562505f7747774751485433446d422d4b2d485a442d67434b34424741735948672f.png,https://github.com/bilalbentoumi/quran-database,"This project offers a comprehensive SQLite database of the Holy Quran, including information about Surahs such as their Arabic names, English pronunciations, classifications (Meccan or Medinan), number of verses, and content.",يوفر هذا المشروع قاعدة بيانات شاملة للقرآن الكريم بصيغة SQLite، تحتوي على معلومات حول السور، بما في ذلك أسماؤها بالعربية، نطقها بالإنجليزية، تصنيفها (مكية أو مدنية)، عدد الآيات، ومحتوى السور.,اكتمل ✅,متوقف صيانته 😑,,١ نوفمبر ٢٠٢٤ ٩:٢٦ م,Abd El-Rahman Bayoumi,Yes,"قاعدة بيانات, مصادر",القرآن الكريم
قُطُوْف (Qutuf),"HTML, NLP, Python",NONE ❌,46610768.png,https://github.com/Qutuf/Qutuf,"An Arabic Morphological Analyzer and Part-Of-Speech Tagger, including stemming and root extraction, serving as the core for Arabic NLP framework.",نظام لتحليل الصرف العربي واستخراج الجذور وتحديد أجزاء الكلام، يُستخدم كإطار عمل شامل لمعالجة اللغة العربية,اكتمل ✅,ميت ☠️,,١ نوفمبر ٢٠٢٤ ٨:٥٥ م,Abd El-Rahman Bayoumi,Yes,"تطبيق ويب, مكتبة برمجية","القرآن الكريم, اللغة عربية, تحليل صرفي, قواعد لغوية, معالجة اللغة الطبيعية"
quran-tajweed,"Dataset, Decision trees, Python, Speech recognition",NONE ❌,687474703a2f2f692e696d6775722e636f6d2f76475957375a592e706e67.png,https://github.com/cpfair/quran-tajweed,"Tajweed annotations for the Qur'an (riwayat hafs). The data is available as a JSON file with exact character indices for each rule, and as individual decision trees for each rule. You can use this data to display the Qur'an with tajweed highlighting, refine models for Qur'anic speech recognition, or - if you enjoy decision trees - improve your own recitation. This project is not actively maintained. An alternative to it is the https://quran.api-docs.io/v4/quran/get-uthmani-script-of-ayah instead.",توضيحات التجويد للقرآن (رواية حفص). تتوفر البيانات كملف JSON يحتوي على مواقع الحروف الدقيقة لكل قاعدة تجويد، وأيضًا كأشجار قرار منفصلة لكل قاعدة. يمكنك استخدام هذه البيانات لعرض القرآن مع تلوين التجويد، تحسين نماذج التعرف على الصوت القرآني، أو - إذا كنت تستمتع بأشجار القرار - تحسين تلاوتك. هذا المشروع توقف العمل عليه. والبديل له مثلا هو واجهة API الخاصة بموقع Quran.com.,اكتمل ✅,متوقف صيانته 😑,,٣ نوفمبر ٢٠٢٤ ٣:٢٢ م,Abd El-Rahman Bayoumi,Yes,"سكريبت برمجي, قاعدة بيانات, مصادر","القرآن الكريم, تجويد, تعليم, قواعد لغوية, معالجة اللغة الطبيعية"
اكتشاف الآيات (ayah-detection),"Image processing, Matplotlib, NumPy, OpenCV, Python",NONE ❌,book%201.png,https://github.com/quran/ayah-detection,"A set of scripts for detecting ayah markers in Quran images. Tested on three sets of images: Shamerly, Qaloon, and Warsh.",مجموعة من السكريبتات لاكتشاف علامات الآيات في صور القرآن الكريم. تم اختبارها على ثلاث مجموعات من الصور: الشمرلي، قالون، وورش.,اكتمل ✅,نشط 🚀,,١ نوفمبر ٢٠٢٤ ٨:٤٣ م,Abd El-Rahman Bayoumi,Yes,"سكريبت برمجي, مكتبة برمجية",القرآن الكريم
tajweed,"Java, Utility functions",NONE ❌,koran.png,https://github.com/quran/tajweed,"An open-source project to develop algorithms for highlighting Tajweed rules in Quranic text with color coding, similar to tajweed Mushafs. It supports both Madani and Naskh Mushaf styles and aims to provide educational tools for other projects, including data export options in text, image, and HTML formats.",مشروع مفتوح المصدر لتطوير خوارزميات تمييز أحكام التجويد في النصوص القرآنية بألوان مختلفة كما هو الحال في المصاحف التجويدية، مع دعم لمصحف المدينة ومصحف النسخ. يهدف المشروع لإنتاج أدوات تعليمية يمكن استخدامها من قبل مشاريع أخرى، ويشمل ميزات لتصدير البيانات بصيغ نصية وصورية وHTML.,اكتمل ✅,ميت ☠️,,١ نوفمبر ٢٠٢٤ ٨:٤١ م,Abd El-Rahman Bayoumi,Yes,سكريبت برمجي,"القرآن الكريم, اللغة عربية, تجويد"
Ahkam-Al-Tajweed - أحكام التجويد,"Deep Learning, Documents",NONE ❌,klipartz.com.png,https://github.com/malayyoub/Ahkam-Al-Tajweed,This project aims to develop a deep learning-based system to automatically determine the correct application of basic Quranic recitation (Tajweed) rules. The repository includes data and resources related to this objective.," يهدف هذا المشروع إلى تطوير نظام يعتمد على التعلم العميق لتحديد التطبيق الصحيح لقواعد التجويد الأساسية في تلاوة القرآن الكريم. يتضمن المشروع بيانات ومصادر متعلقة بهذا الهدف.",اكتمل ✅,ميت ☠️,https://www.researchgate.net/publication/327869102_A_dataset_of_audio_recordings_by_male_reciters_representing_correctincorrect_applications_of_basic_Quranic_recitation_rules,١ نوفمبر ٢٠٢٤ ٨:٣٤ م,Abd El-Rahman Bayoumi,Yes,مستندات ووثائق,"القرآن الكريم, تجويد"
othman,"Python, Search engine",رخصة وقف من أعجوبة,com.webp,https://github.com/ojuba-org/othman,"Othman Electronic Quran is a display of the Quranic text as it was written during the time of Uthman ibn Affan, may Allah be pleased with him, with fully accurate diacritics.",مصحف عثمان الإلكتروني وهو عرض للنص القرآني كما كتب في عهد عثمان بن عفان رضي الله عنه مضبوطا ومشكولا,اكتمل ✅,متوقف صيانته 😑,,٢٩ أكتوبر ٢٠٢٤ ١١:٠٦ م,Abd El-Rahman Bayoumi,Yes,"برنامج سطح المكتب 💻, تطبيق ويب",القرآن الكريم
Quran-App-Data,"Dataset, JSON, SQL",NONE ❌,book-stack.png,https://github.com/Mohamed-Nagdy/Quran-App-Data,"The ""Quran-App-Data"" project provides a comprehensive collection of data and resources for Quran applications and websites, including Hadith books in JSON format, complete JSON files for all Quranic Surahs, ordered images of all Quran pages, and JSON files containing all Azkar, the 99 names of Allah, and the names of Prophet Muhammad ﷺ.","يقدم مشروع ""Quran-App-Data"" مجموعة شاملة من البيانات والموارد لتطبيقات ومواقع القرآن الكريم، تشمل كتب الحديث بصيغة JSON، وملفات JSON لسور القرآن كاملة، وصور مرتبة لجميع صفحات المصحف، بالإضافة إلى ملفات JSON تحتوي على جميع الأذكار، وأسماء الله الحسنى، وأسماء النبي محمد ﷺ.",اكتمل ✅,نشط 🚀,https://youtu.be/7VvlBOINfjQ?si=kNTGyNL-31xSs5df,١ نوفمبر ٢٠٢٤ ٩:٠٨ م,Abd El-Rahman Bayoumi,Yes,"قاعدة بيانات, مصادر","أسماء الله الحسنى, أسماء النبي محمد ﷺ, الأذكار, الحديث النبوي, القرآن الكريم"
الْمُعْجَم الترددي لِلْحُرُوف الْعَرَبِيَّةِ فِي الْقُرْآنِ الْكَرِيمِ,"CSS, HTML, JavaScript, ReactJS",NONE ❌,img1.png,https://github.com/moroclash/Visualization-Of-Quran,"An open-source tool designed to visualize the frequencies of characters and words in the Quran. It allows users to apply multiple filters based on Surah, Ayah, and characters, with the ability to customize the character system according to their needs."," أداة مفتوحة المصدر تهدف إلى تصور ترددات الحروف والكلمات في القرآن الكريم. تتيح للمستخدمين تطبيق فلاتر متعددة بناءً على السورة، الآية، والحروف، مع إمكانية تخصيص نظام الحروف وفقًا لاحتياجاتهم.",اكتمل ✅,متوقف صيانته 😑,https://moroclash.github.io/Visualization-Of-Quran/,١ نوفمبر ٢٠٢٤ ٩:٢٤ م,Abd El-Rahman Bayoumi,Yes,تطبيق ويب,"القرآن الكريم, تكرار الحرف, تكرار الكلمة"
tarteel-ml,"Artificial intelligence, Dataset, Jupyter Notebook, Machine learning, Python, Speech recognition",MIT,230x0w%201.webp,https://github.com/TarteelAI/tarteel-ml,"An open-source project utilizing machine learning to recognize Quranic recitation through voice. The project aims to support the analysis and improvement of Quran recitation using AI, providing tools for verse recognition and error detection.",مشروع مفتوح المصدر يستخدم تقنيات تعلم الآلة للتعرف على تلاوة القرآن الكريم من خلال الصوت. يهدف المشروع لدعم تحليل وتحسين تلاوة القرآن باستخدام الذكاء الاصطناعي وتطوير أدوات للتعرف على الآيات والأخطاء.,اكتمل ✅,ميت ☠️,,١ نوفمبر ٢٠٢٤ ٨:٤١ م,Abd El-Rahman Bayoumi,Yes,سكريبت برمجي,القرآن الكريم
أفكار لمشاريع,,,,,,,احتاج مساعدة 🚨,,,١٣ فبراير ٢٠٢٦ ١:٢٤ م,,No,,
Iqra from Crescent Labs,"CSS, Flask, HTML, Java, JavaScript, ReactJS, Swift","GPL-3.0 License, MIT",21231733_(1).png,https://github.com/Crescent-Labs,"Iqra is a tool meant to allow Muslims to search the Quran using speech recognition. There are also repos for the website, the Android client, and iOS client. The website's back-end is a Flask server, and the front-end is React combined with Redux. Mobile apps are built using native technologies.","إقرأ هو أداة تهدف إلى تمكين المسلمين من البحث في القرآن باستخدام التعرف على الصوت. تتوفر أيضًا مستودعات للموقع الإلكتروني، وتطبيق الأندرويد، وتطبيق نظام iOS. يعتمد الموقع في خلفيته على خادم مبني بإطار ""فلاسْك""، بينما تُبنى الواجهة الأمامية باستخدام مكتبة ""ريآكت"" مع ""ريدوكس"". وتُطوَّر تطبيقات الهاتف المحمول باستخدام تقنيات برمجية أصلية لكل نظام مثل الجافا للأندرويد.",اكتمل ✅,ميت ☠️,"https://github.com/Crescent-Labs/iqra-web, https://github.com/Crescent-Labs/iqra-ios, https://github.com/Crescent-Labs/iqra-android, https://github.com/Crescent-Labs/iqra-api",٥ نوفمبر ٢٠٢٤ ٥:٣٧ م,محمد الصوالحي,Yes,"RESTful API, تطبيق iOS, تطبيق أندرويد","أصوات, القرآن الكريم"
Ayaaty,"CSS, Java, JavaFX",MIT,,https://github.com/YassineLafryhi/Ayaaty,"A JAVA desktop application to listen to quran, show quranic supplications and Dhikr Install the fonts, which are located in /fonts/. ",تطبيق سطح مكتب بلغة JAVA للاستماع إلى القرآن، وعرض الأدعية القرآنية والذكر. قم بتثبيت الخطوط الموجودة في /fonts/.,اكتمل ✅,متوقف صيانته 😑,,٢ نوفمبر ٢٠٢٤ ٢:٥٧ م,محمد الصوالحي,Yes,برنامج سطح المكتب 💻,"أذكار والمساء, الأذكار, القرآن الكريم"
قاعدة بيانات للقرآن الكريم SQLite,"Database, Dataset, SQLite",MIT,,https://github.com/bilalbentoumi/qurandatabase,"SQLite database for the Holy Quran. Containing tables for the chapters and the ayat (verses). It contains information like the type of the verse and chapter, the count of verses in a chapter and more other data.",قاعدة بيانات للقرآن الكريم فيها السور والآيات وبيانات أخرى مثل نوع السورة مدنية أم مكية ونوع الآية وعدد آيات السورة وغيرها من البيانات.,اكتمل ✅,قيد الصيانة 🛠️,,٨ نوفمبر ٢٠٢٤ ٣:٤٨ م,محمد الصوالحي,Yes,قاعدة بيانات,"إسلام, القرآن الكريم, تعليم, تقنية, قاعدة بيانات"
Pray Times - حساب مواقيت الصلاة,"C#, C++, Java, JavaScript, Objective-C, PHP, Python",GNU LGPL,Masjid-art.jpg,http://praytimes.org/,"An open-source project that provides accurate prayer times calculation worldwide. It includes various features to adjust prayer times based on geographic location and accommodates different Islamic schools of thought, with libraries available in multiple programming languages.",موقع http://praytimes.org/ هو مشروع مفتوح المصدر يقدم حسابات لمواقيت الصلاة للمسلمين حول العالم، ويشمل عدة ميزات لضبط أوقات الصلاة حسب المواقع الجغرافية المختلفة، مع مراعاة الفروق المذهبية المختلفة، ومتوفر مكتبات برمجية للغات مختلفة.,اكتمل ✅,نشط 🚀,,٢٥ أكتوبر ٢٠٢٤ ٢:٥٣ م,Abd El-Rahman Bayoumi,Yes,مكتبة برمجية,مواقيت الصلاة 🕋
adhan.py مكتبة مواقيت الصلاة الإسلامية في بايثون,Python,GNU LGPL,Tajme3ah_Images_(1).png,https://github.com/hayalasalah/adhan.py,adhan.py is an open-source Python library for calculating accurate Islamic prayer times. It enables developers to retrieve prayer times based on geographic location and different Islamic jurisprudence preferences.,مكتبة Python مفتوحة المصدر لحساب أوقات الصلاة بدقة. تتيح للمطورين الوصول إلى مواقيت الصلاة وفقًا للموقع الجغرافي وتفضيلات المذاهب الإسلامية المختلفة.,اكتمل ✅,متوقف صيانته 😑,https://pypi.org/project/adhan/,٢٥ أكتوبر ٢٠٢٤ ٢:٥٨ م,Abd El-Rahman Bayoumi,Yes,مكتبة برمجية,مواقيت الصلاة 🕋
Adhan,"C, C#, Dart, Golang, Java, JavaScript, Kotlin, Python, Rust, Swift",MIT,Tajme3ah_Images_(1)%201.png,https://github.com/batoulapps/Adhan,Adhan is a well tested and well documented library for calculating Islamic prayer times implemented in different languages and platforms.,الأذان هو مكتبة مجربة وموثقة بشكل جيد لحساب أوقات الصلاة الإسلامية، وتم تنفيذها في لغات ومنصات مختلفة.,اكتمل ✅,نشط 🚀,,٢٣ أكتوبر ٢٠٢٤ ١٠:٠٠ م,Abd El-Rahman Bayoumi,Yes,مكتبة برمجية,"إسلام, تاريخ وزمن, مواقيت الصلاة 🕋"
salah,Rust,MIT,Tajme3ah_Images_(1)%202.png,https://github.com/insha/salah,"An open-source library written in Rust for calculating Islamic prayer times. It offers accurate prayer times for any geographical location, considering the differences among Islamic schools of thought.",مكتبة مفتوحة المصدر مكتوبة بلغة Rust لحساب مواقيت الصلاة الإسلامية. توفر دقة في حساب أوقات الصلاة لجميع المواقع الجغرافية، مع مراعاة اختلافات المذاهب الإسلامية.,اكتمل ✅,نشط 🚀,https://crates.io/crates/salah,٢٤ أكتوبر ٢٠٢٤ ١٢:٠٠ ص,Abd El-Rahman Bayoumi,Yes,مكتبة برمجية,مواقيت الصلاة 🕋
Masjid Times,"CSS, JavaScript, PHP",NONE ❌,Tajme3ah_Images_(1)%203.png,https://github.com/meltuhamy/masjid-times,"An open-source prayer times application that provides accurate prayer times by utilizing data from the user's local mosque, along with support for prayer reminders.",تطبيق مفتوح المصدر لعرض مواقيت الصلاة، يهدف إلى توفير أوقات دقيقة للصلاة من خلال استخدام بيانات المسجد المحلي للمستخدم، مع دعم لإشعارات تذكير الصلاة.,اكتمل ✅,ميت ☠️,,٢٤ أكتوبر ٢٠٢٤ ١٢:٠٤ ص,Abd El-Rahman Bayoumi,Yes,تطبيق ويب,مواقيت الصلاة 🕋
تطبيق مواقيت الصلاة في بلفاست ولندن (Belfast Prayer Times),"Angular, Ionic, TypeScript",GPL-3.0 License,Tajme3ah_Images_(1)%204.png,https://github.com/meltuhamy/belfastsalah,"A simple open-source prayer times application for Android and iOS users in Belfast and London. It displays daily prayer times with reminders for upcoming prayers, featuring a clean design and automatic night mode.",تطبيق بسيط مفتوح المصدر لمواقيت الصلاة مخصص لمستخدمي أندرويد وiOS في مدينتي بلفاست ولندن. يعرض أوقات الصلاة اليومية مع إمكانية التذكير بوقت الصلاة القادمة، ويتميز بتصميم بسيط ووضع ليلي تلقائي.,اكتمل ✅,متوقف صيانته 😑,,٢ نوفمبر ٢٠٢٤ ١:٥٨ م,Abd El-Rahman Bayoumi,Yes,"تطبيق iOS, تطبيق أندرويد",مواقيت الصلاة 🕋
Next Prayer,"C, C++, Linux, Python",GPL-3.0 License,Tajme3ah_Images_(1)%205.png,https://github.com/AbdeltwabMF/nxprayer,"Islamic prayer reminder, for your status bar and/or scripts. It displays the next prayer time and sends a notification when it's time for a prayer. It also shows the remaining time until the next prayer",تطبيق تذكير بمواقيت الصلاة الإسلامية، مصمم ليعمل على شريط الحالة أو/و في السكربتات. يعرض وقت الصلاة القادمة ويرسل إشعارًا إذا حان وقت الصلاة. كما يعرض الوقت المتبقي حتى موعد الصلاة التالية,اكتمل ✅,نشط 🚀,,٢ نوفمبر ٢٠٢٤ ١:٥٨ م,Abd El-Rahman Bayoumi,Yes,"CLI, برنامج سطح المكتب 💻",مواقيت الصلاة 🕋
Mosque Prayer Display Screen (شاشة عرض مواقيت الصلاة للمسجد),"Next.JS, Tailwind CSS, TypeScript",NONE ❌,126960062.png,https://github.com/MosqueOS/Mosque-Prayer-Display-Screen,An open-source application that allows mosques to display prayer times on screens for worshipers. It also functions as an offline progressive web app compatible with any modern web browser.,تطبيق مفتوح المصدر يتيح للمساجد عرض مواقيت الصلاة على شاشات للمصلين، ويعمل أيضًا كتطبيق ويب تقدمي يمكن استخدامه دون اتصال بالإنترنت على أي متصفح حديث.,اكتمل ✅,نشط 🚀,"https://mosque-prayer-display-screen.vercel.app/, https://discord.gg/CG7frj2",٢٣ أكتوبر ٢٠٢٤ ١١:٥٣ م,Abd El-Rahman Bayoumi,Yes,تطبيق ويب,مواقيت الصلاة 🕋
Azkar - أذكار,"CSS, Java, JavaFX, SQLite",MIT,Logo_(Pattern).png,https://github.com/AbdelrahmanBayoumi/Azkar-App,"Desktop Application 💻 for Calculating Muslim prayer times 🕌 , Morning and Nights Azkar 🤲 with notification for random Azkar that pops-up in specific time.",برنامج لسطح المكتب 💻 يساعدك على: معرفة مواقيت الصلاة 🕌، قراءة أذكار الصباح و المساء مع التذكير بها 🤲، ظهور إشعارات بذكر او دعاء عشوائي كل فترة محددة 💬.,اكتمل ✅,نشط 🚀,"https://azkar-site.web.app/, https://sourceforge.net/projects/azkar/",١ نوفمبر ٢٠٢٤ ٩:٠٢ م,Abd El-Rahman Bayoumi,Yes,برنامج سطح المكتب 💻,"أذكار والمساء, الأذكار, مواقيت الصلاة 🕋"
مكتبة الأدوات الإسلامية ITL,"C, Java, Objective-C",GNU LGPL,book%202.png,https://github.com/arabeyes-org/ITL,"ITL (Islamic Tools Library) is an open-source library providing various Islamic computational tools, including prayer time calculations, Qibla direction determination, Hijri calendar functions, and other functionalities to support Islamic applications.",مكتبة ITL (Islamic Tools Library) هي مكتبة برمجية مفتوحة المصدر تقدم مجموعة من الأدوات الحسابية الإسلامية، بما في ذلك حساب مواقيت الصلاة، وتحديد اتجاه القبلة، والتقويم الهجري، والعديد من الوظائف الأخرى لدعم التطبيقات الإسلامية.,اكتمل ✅,ميت ☠️,"https://github.com/fikr4n/itl-java, https://github.com/batoulapps/BAPrayerTimes, https://github.com/arabeyes-org/ITL-ports",٢٥ أكتوبر ٢٠٢٤ ٣:٣٤ م,Abd El-Rahman Bayoumi,Yes,مكتبة برمجية,"تحديد القبلة, حساب التاريخ الهجري, مواقيت الصلاة 🕋"
pyIslam - مكتبة إسلامية برمجية بلغة بايثون,Python,GNU LGPL,book%203.png,https://github.com/abougouffa/pyIslam,"pyIslam is an open-source Python library that provides tools for calculating prayer times, determining the Qibla direction, converting dates between Gregorian and Hijri, and calculating Zakat and inheritance (Mirath).",مكتبة pyIslam هي مكتبة برمجية مفتوحة المصدر بلغة بايثون تقدم أدوات لحساب أوقات الصلاة، تحديد اتجاه القبلة، تحويل التواريخ بين الميلادي والهجري، بالإضافة إلى حساب الزكاة والمواريث.,اكتمل ✅,نشط 🚀,,٤ نوفمبر ٢٠٢٤ ٨:١٢ م,Abd El-Rahman Bayoumi,Yes,مكتبة برمجية,"التقويم الهجري, تحديد القبلة, حساب التاريخ الهجري, حساب الزكاة, حساب الميراث, مواقيت الصلاة 🕋"
Tanafaso,Flutter,,,https://github.com/challenge-azkar/tanafaso-frontend,A Flutter application for Muslims that help them challenge and motivate themselves and their friends to read Azkar in a fun way. On Play Store & On App Store There are a lot of ways you can contribute to this project.,,تحت الانتظار ⌛,متوقف صيانته 😑,,٢٩ مايو ٢٠٢٦ ١٢:٤٢ ص,MohammedAnwer,Yes,"تطبيق iOS, تطبيق أندرويد",
BoycottFrensh,,,,https://github.com/AhmedAshrafAZ/BoycottFrench,,"An extension that helps Muslims boycott French products on E-commerce websites. This is an extension that acts as a look-up of the top French brands, whenever the user opens a page of French product, the extension will automatically warn the user so he/she can look for alternatives.",تحت الانتظار ⌛,,,٢٨ أبريل ٢٠٢٦ ١١:١٩ م,MohammedAnwer,No,,
IslamBot,,,,https://github.com/galacticwarrior9/IslamBot,,"An Islamic bot for Discord with the following features: Qur'an, with support for 100+ translations. Tafsir, with 9 available in English and 37 in Arabic. Hadith in English and Arabic, from sunnah.com. Prayer times for any location in the world, with the ability to set reminders and change the calculation method.",تحت الانتظار ⌛,,,٢٨ أبريل ٢٠٢٦ ١١:١٩ م,MohammedAnwer,No,,
Muslim-App (Daily Muslim's Fortress App),,,,https://github.com/choubari/Muslim-App,The app is available only in Arabic but I'm planning to release an English version very soon. Prayer Times (of your current location) Morning&Evening Remembrance Remembrance Names of Allah Importance of Dhikr Tally Counter Qibla Direction Zakat Calculator Islamic Wallpapers Daily Notifications App Widget Light & Dark Themes and other features will be added on the next updates ...,,تحت الانتظار ⌛,,,٢٨ أبريل ٢٠٢٦ ١١:١٨ م,MohammedAnwer,No,,
Iftar CLI,JavaScript,GPL-3.0 License,,https://github.com/eneserdogan/iftar,Iftar CLI allows a quick and easy prayer times in the command line,,احتاج مساعدة 🚨,ميت ☠️,,٨ نوفمبر ٢٠٢٤ ١٠:١٧ م,Omar Seifelnasr,Yes,CLI,مواقيت الصلاة 🕋
"KhattSeen خطسين ",,,,https://khatt.org/,KhattSeen: Arabic Mathematical Notation Typesetting System,خط سين: نظام تنضيد (كتابة) الرياضيات بالعربية Khatt.Seen: Arabic Mathematical Notation Typesetting System أدخل أوامر هنا: الصور الناتجة عن نظام خط.س مرخصة تحت الملكية العامة. Images rendered by Khatt.Seen are under public domain license.,قيد العمل 💪🏻,,,٩ نوفمبر ٢٠٢٤ ١:٢٤ ص,Omar Seifelnasr,No,أداة تنضيد,"خط, دعم الرياضيات بالعربية"
MathJax Arabic Extension,,,,https://github.com/OmarIthawi/arabic-mathjax,"This is an extension to MathJax (v2.5+), that provides basic Arabic support to MathJax. The extension so far only supports TeX input with HTML-CSS output. However, support to other input and output jaxes is possible. It provides the following: Flip the Equation and render it the Right-to-left (RTL) way!",,تحت الانتظار ⌛,,,٢٨ أبريل ٢٠٢٦ ١١:١٨ م,MohammedAnwer,No,,
mostalah مصطلح aosus-dictionary,"CSS, JavaScript, Vue",GPL-3.0 License,,https://github.com/aosus/arabic-tech-dictionary/,,"يحتوي هذا المشروع على المصطلحات التقنية الإنجليزية وما يقابلها في اللغة العربية، وذلك بقصد المساعدة في تعريب التوثيقات الخاصة بكافة التقنيات المتعلقة بعلوم الحاسوب. قريبا : SQL, XML, HTML يعاني المحتوى العربي من نقص فادح خصوصا عندما يتعلق الأمر بمجال البرمجة وعلوم الحاسوب ولذلك ارتأينا أن نقوم بالمبادرة وأن نبدأ في توفير ترجمة للمصطلحات التقنية المستعصية لغوياً وللاستعانة بها في تعريب تقنيات ومجالات أخرى مستقبلا.",قيد العمل 💪🏻,متوقف صيانته 😑,https://mokhnache.com/,٩ نوفمبر ٢٠٢٤ ١:٢٥ ص,Omar Seifelnasr,Yes,,معجم
ArabTerm,,,,http://www.arabterm.org/,"The Technical Dictionary ARABTERM.ORG is a joint publication of the Arab League Educational, Cultural and Scientific Organization (ALECSO) and the German Federal Ministry for Economic Cooperation and Development (BMZ).


It was developed as part of a regional project financed by BMZ that the Deutsche Gesellschaft für Internationale Zusammenarbeit (GIZ) has been carrying out since 2008 in collaboration with the Goethe-Institut. It is an independent project based on the measures for standardising technical Arabic terminology, which are being led by the Arabisation Coordination Bureau (BCA) in Rabat on behalf of ALECSO.


These standardisation measures are governed by the decisions made at the General Conferences on Arabisation, organised and held regularly by ALECSO, and attended by language academies and education ministers from Arab League member states. These measures also have been reflected in the 'standardised dictionary' published by ALECSO. In ARABTERM, an asterisk marks each entry that has already undergone this Arabisation process.


The Technical Dictionary ARABTERM, organised per industry sector, provides a generally accessible reference for the consistent translation of textbooks, curricula, technical manuals and other specialised texts. The first volume on automotive engineering was released in May 2010 and is available on this website to all users free of charge. Additional volumes will be added successively.


Users are encouraged to actively contribute to the dictionary. An interactive discussion forum offers you the opportunity to exchange ideas on linguistic problem areas in the various disciplines, as well as suggest new terms or more detailed definitions. These discussions and suggestions will provide the basis for an annual revision of the databank conducted by the Arab-German expert groups.",,قيد العمل 💪🏻,,,٩ نوفمبر ٢٠٢٤ ١:٢٥ ص,Omar Seifelnasr,No,,معجم
i18n,JavaScript,"Apache License 2.0, ISC License, MIT",,https://github.com/softvenue/i18n,,نبراس، هو دليل موجه إلى طلبة السنة الأولى للشعب التقنية بالجامعة، ويحتوي على أهم المصطلحات والمفردات الي يصادفها في البرنامج الدراسي خلال هذه السنة المهمة. ويحوي هذا المعجم على أزيد من 2160 مصطلح، نحاول بها أن نغطي مجالات الشعب التقنية في السنة الأولى جامعي.,قيد العمل 💪🏻,ميت ☠️,,٩ نوفمبر ٢٠٢٤ ١:٢٥ ص,Omar Seifelnasr,Yes,فريق مبادر,معجم
معجم المصطلحات التقنية العربية,Markdown,NONE ❌,,https://github.com/forabi/arabic-tech-terminology,"Arabic Technical Terminology is an open-source project that provides accurate Arabic translations for technical terms in programming and technology. It includes a glossary of English terms with Arabic equivalents, supporting translators and developers in selecting appropriate terminology. The project encourages community contributions for enhancement.",معجم المصطلحات التقنية العربية هو مشروع مفتوح المصدر يهدف إلى توفير ترجمة عربية دقيقة للمصطلحات التقنية في البرمجة والتكنولوجيا. يحتوي المعجم على قائمة بالمصطلحات الإنجليزية مع ترجماتها العربية، ويساعد المترجمين والمطورين في اختيار المصطلحات المناسبة. يشجع المشروع على المشاركة المجتمعية لتحسين المعجم.,اكتمل ✅,ميت ☠️,,٩ نوفمبر ٢٠٢٤ ٨:٣٣ م,Abd El-Rahman Bayoumi,Yes,مستندات ووثائق,"اللغة عربية, توثيقات, معجم"
نبراس هو قاموس فرنسي-عربي,"C++, TypeScript",NONE ❌,logo_(1).png,https://github.com/01walid/Nibras,"Nibras is a French-Arabic dictionary tailored for first-year university students in technical fields. The dictionary contains over 2,160 terms covering various topics in the first-year curriculum. The project aims to help Arabic-speaking students understand and absorb technical terminology more easily.","نبراس هو قاموس فرنسي-عربي مخصص لطلبة السنة الأولى في التخصصات التقنية الجامعية. يحتوي القاموس على أكثر من 2160 مصطلحًا يغطي مجالات متعددة ضمن المناهج الدراسية للسنة الأولى. يهدف المشروع إلى تسهيل فهم واستيعاب المصطلحات التقنية للطلاب الناطقين بالعربية. ",اكتمل ✅,ميت ☠️,https://nibras.sourceforge.net,٩ نوفمبر ٢٠٢٤ ٨:٣٨ م,Abd El-Rahman Bayoumi,Yes,"برنامج سطح المكتب 💻, قاموس","اللغة عربية, تعليم, معجم"
جافاسكريبت بالعربية,JavaScript,NONE ❌,76070031.png,https://github.com/javascript-in-arabic/core,"JavaScript in Arabic is an open-source library that enables Arab developers to write code using Arabic syntax in the JavaScript environment. The project provides tools for converting Arabic-written code into native JavaScript, along with localization tools to simplify coding with Arabic terms. It supports the translation of various core JavaScript functions and includes educational examples for developers to get started.",مشروع جافاسكريبت بالعربية هو مكتبة مفتوحة المصدر تهدف إلى تمكين المطورين العرب من كتابة التعليمات البرمجية باستخدام اللغة العربية في بيئة جافاسكريبت. يتيح المشروع تحويل الكود البرمجي المكتوب بالعربية إلى جافاسكريبت الأصلية، مع توفير أدوات تعريب تساعد على تسهيل البرمجة باستخدام مصطلحات عربية. يتميز المشروع بدعم التعريب للعديد من وظائف جافاسكريبت الأساسية، ويشمل أمثلة تعليمية لمساعدة المطورين في البدء.,اكتمل ✅,متوقف صيانته 😑,,٩ نوفمبر ٢٠٢٤ ٨:٣٠ م,Abd El-Rahman Bayoumi,Yes,لغة برمجة,لغة برمجة عربية
لغة ألف,C++,GPL-3.0 License,68192199.png,https://github.com/alifcommunity/Alif,"Alif is an open-source Arabic programming language designed to enable developers to write code in Arabic. It emphasizes clarity and execution speed, supports object-oriented programming concepts, and provides an integrated development environment for users.",لغة البرمجة ألف هي لغة برمجة عربية مفتوحة المصدر، تهدف إلى تمكين المبرمجين من كتابة التعليمات البرمجية باللغة العربية. تتميز اللغة بالوضوح وسرعة التنفيذ، وتدعم مفاهيم البرمجة الكائنية، مع توفير بيئة تطوير متكاملة للمستخدمين.,اكتمل ✅,نشط 🚀,,٩ نوفمبر ٢٠٢٤ ٨:١٩ م,Abd El-Rahman Bayoumi,Yes,لغة برمجة,لغة برمجة عربية
"لغة ""كلمات""",C++,Apache License 2.0,logo.png,https://github.com/mobadarah/kalimat-lang,"Kalimat is an open-source Arabic programming language developed to teach programming to children and beginners. Designed to be user-friendly, the language includes advanced features like OOP and parallel programming, and offers a comprehensive educational development environment. It is part of a vision to revive creativity and self-expression through programming in Arabic.",كلمات هي لغة برمجة عربية مفتوحة المصدر تم تطويرها لتعليم الأطفال والمبتدئين البرمجة. صممت اللغة بحيث تكون سهلة الاستخدام وتدعم ميزات متقدمة مثل البرمجة الكائنية والبرمجة المتوازية، مع تقديم بيئة تطويرية تعليمية شاملة. تُعد اللغة جزءاً من رؤية تهدف إلى إحياء روح الإبداع والتعبير البرمجي باللغة العربية.,اكتمل ✅,ميت ☠️,,٩ نوفمبر ٢٠٢٤ ٨:١٦ م,Abd El-Rahman Bayoumi,Yes,لغة برمجة,لغة برمجة عربية
لغة الأسُس البرمجية (Alusus),C++,ALUSUS PUBLIC LICENSE,68747470733a2f2f616c757375732e6f72672f5265736f75726365732f6c6f676f2e676966.gif,https://github.com/Alusus/Alusus,"Alusus is an open-source Arabic programming language designed to be dynamically extensible, allowing users to add new features and use it for various applications, such as server-side programming, databases, and graphics. Alusus supports both low- and high-level programming, making it suitable for diverse programming fields without the need for additional languages.",غة الأسُس هي لغة برمجة عربية مفتوحة المصدر صُمّمت لتكون قابلة للتوسع ديناميكيًا، مما يتيح للمستخدمين إضافة ميزات جديدة واستخدام اللغة في تطبيقات متعددة كبرمجة الخادم، قواعد البيانات، والرسوميات. تدعم الأسُس البرمجة منخفضة وعالية المستوى، مما يجعلها مناسبة لمجالات برمجية متنوعة دون الحاجة لاستخدام لغات أخرى.,اكتمل ✅,نشط 🚀,,٩ نوفمبر ٢٠٢٤ ٨:٢٥ م,Abd El-Rahman Bayoumi,Yes,لغة برمجة,لغة برمجة عربية
Phoenix - لغة البرمجة العربية كائنية التوجه,"NLP, لغة البرمجة العربية Phoenix",NONE ❌,,https://arxiv.org/pdf/1907.05871.pdf,"Phoenix is a general-purpose, high-level, imperative, object-oriented, compiled programming language using Arabic as its syntax. It includes features such as strong data types, dynamic arrays, functions, arithmetic operations, and modern programming structures, supporting concepts like inheritance and polymorphism.",Phoenix هي لغة برمجة عامة الأغراض وعالية المستوى، تم تصميمها كائنية التوجه وبصيغة تجميعية، وتستخدم اللغة العربية لتطوير التطبيقات البرمجية. تحتوي Phoenix على مميزات مثل المتغيرات ذات الأنواع القوية، المصفوفات الديناميكية، الدوال، وعمليات الحساب، وتدعم الهياكل البرمجية الحديثة مثل الوراثة وتعدد الأشكال.,اكتمل ✅,ميت ☠️,,٩ نوفمبر ٢٠٢٤ ١:٥٨ م,Abd El-Rahman Bayoumi,No,"لغة برمجة, ورقة بحثية",لغة برمجة عربية
لغة برمجة عمّوريا,VBA,NONE ❌,https://github.com/mobadarah/Ammoria/raw/main/cover.png,https://github.com/mobadarah/Ammoria,"Ammoria is an open-source programming language based on Arabic, aiming to enable programmers to code in their native language, focusing on making programming principles easier to understand. Ammoria supports essential programming concepts and may include an IDE for supporting learning programming in Arabic.",Ammoria هي لغة برمجة مفتوحة المصدر تعتمد على اللغة العربية، تهدف إلى تمكين المبرمجين من كتابة التعليمات البرمجية بلغتهم الأم، مع التركيز على تسهيل فهم مبادئ البرمجة. تدعم Ammoria مفاهيم البرمجة الأساسية وقد تشمل بيئة تطوير متكاملة تسهم في دعم تعلم البرمجة بالعربية.,اكتمل ✅,ميت ☠️,http://ammoria.sourceforge.net/ar/ar_index.html,٩ نوفمبر ٢٠٢٤ ٨:١٢ م,Abd El-Rahman Bayoumi,Yes,لغة برمجة,لغة برمجة عربية
مشاريع الخوارزم,لغة خوارزم,Apache License 2.0,54645767.gif,https://github.com/alkhawarizm/examples,"A repository collecting source examples of programs written in the Al-Khawarizm language, prepared for compilation and educational use.",مستودع يجمع مصادر أمثلة لبرامج مكتوبة بلغة الخوارزم، معدة للترجمة والاستخدام التعليمي.,اكتمل ✅,نشط 🚀,,٩ نوفمبر ٢٠٢٤ ١:٥٣ م,Abd El-Rahman Bayoumi,Yes,لغة برمجة,لغة برمجة عربية
NabdJS,JavaScript,GPL-3.0 License,,https://github.com/KL13NT/nabdjs,"NabdJS is an open-source Arabic programming language developed using JavaScript, based on the principles of BASIC. It aims to enable programmers to write code in Arabic, providing an interactive environment for immediate execution.",NabdJS هي لغة برمجة عربية مفتوحة المصدر، تم تطويرها باستخدام JavaScript وتستند إلى مبادئ لغة BASIC. تهدف إلى تمكين المبرمجين من كتابة التعليمات البرمجية باللغة العربية، مع توفير بيئة تفاعلية للتنفيذ الفوري.,اكتمل ✅,متوقف صيانته 😑,,٩ نوفمبر ٢٠٢٤ ٨:٠٩ م,Abd El-Rahman Bayoumi,Yes,لغة برمجة,"اللغة عربية, لغة برمجة عربية"
ALB قلب,"JavaScript, Ruby",MIT,,https://github.com/nasser/---,"ALB is a simple, Scheme-like programming language that you code entirely in Arabic. It is an exploration of the impact of human culture on computer science, the role of tradition in software engineering, and the connection between natural and computer languages.",Arabic - English word based dictionaries compilation - ejtaal/mr,قيد العمل 💪🏻,ميت ☠️,,٩ نوفمبر ٢٠٢٤ ١:٣٢ ص,Omar Seifelnasr,Yes,لغة برمجة,اللغة عربية
Labiba لبيبة,"CSS, HTML, JavaScript",NONE ❌,,https://github.com/fakoua/labiba,,,قيد العمل 💪🏻,ميت ☠️,,٩ نوفمبر ٢٠٢٤ ٢:١٨ ص,Omar Seifelnasr,Yes,لغة برمجة,
Mawrid Reader: Arabic dictionary interface,JavaScript,,,https://github.com/ejtaal/mr,,,احتاج مساعدة 🚨,,,٢٨ أبريل ٢٠٢٦ ١٠:٥٧ م,Omar Seifelnasr,No,,
"Noor programming language ","CSS, HTML, JavaScript",,,https://github.com/SimplyAhmazing/noor,"Noor is a simple, yet aHmazing arabic programming language. It it is currently in development mode and is being further defined and refined. It is implemented in Javascript.


Noor comes with an IDE built to make it easy to write code in an arabic environment.",,قيد العمل 💪🏻,متوقف صيانته 😑,,٩ نوفمبر ٢٠٢٤ ١:٥٠ ص,Omar Seifelnasr,Yes,لغة برمجة,
,"JavaScript, NLP",,,https://github.com/imAbdelhadi/coursera-subtitle-translation-arabic,,"Arabic NLP tools List inventory QalsadiQalsadi Qalsadi: Arabic mophological analyzer Library for python. Buckwalter Arabic Morphological Analyzer (BAMA BAMA) Standard Arabic Morphological Analyzer (SAMA SAMA, version 3.0 of BAMA) ElixirFM ElixirFM : Functional Arabic Morphology Xerox Arabic Morphological Analysis and Generation (Deprecated) NMSU NMSU's Arabic Morphological Analyzer - MAGEAD: Morphological Analysis and Generation for Arabic and its Dialects ~~- Almorgeana : Arabic Lexeme-based Morphological Generation and Analysis is distributed as part of the MADA system.",قيد العمل 💪🏻,,,١ نوفمبر ٢٠٢٤ ١:٢٧ م,Omar Seifelnasr,No,تعليم,اللغة عربية
The Modern JavaScript Tutorial in Arabic,,,,https://github.com/javascript-tutorial/ar.javascript.info,,"PhD, Computer Science Professor, Interest : Arabic Natural Language processing - linuxscout",تحت الانتظار ⌛,,,٢٨ أبريل ٢٠٢٦ ١١:١٨ م,"ezz ",No,,
Arabic NLP Tools and Resources Lists,,,,https://github.com/linuxscout/arabicnlptoolslist,,Reconstruct Arabic sentences to be used in applications that don't support Arabic script. Works with Python 2.x and 3.x Arabic script is very special with two essential features: It is written from right to left. The characters change shape according to their surrounding characters.,تحت الانتظار ⌛,,,٢٨ أبريل ٢٠٢٦ ١١:١٧ م,"ezz ",No,,
Adawat: Arabic Language Toolkit,,,,https://github.com/linuxscout/adawat,,"LanguageTool is an Open Source proofreading software for English, French, German, Polish, Russian, and more than 20 other languages. It finds many errors that a simple spell checker cannot detect. For more information, please see our homepage at https://languagetool.org, this README, and CHANGES. LanguageTool is freely available under the LGPL 2.1 or later.",تحت الانتظار ⌛,,,٢٨ أبريل ٢٠٢٦ ١١:١٥ م,"ezz ",No,,
Python Arabic Reshaper,,,,https://github.com/mpcabd/python-arabic-reshaper,,"This repository now contains code and implementation for: AraBERT v0.1/v1: Original AraBERT v0.2/v2: Base and large versions with better vocabulary, more data, more training Read More... AraGPT2: base, medium, large and MEGA. Trained from scratch on Arabic Read More... AraELECTRA: Trained from scratch on Arabic Read More...",تحت الانتظار ⌛,,,٢٨ أبريل ٢٠٢٦ ١١:١٥ م,"ezz ",No,,
LanguageTool,,,,https://github.com/linuxscout/languagetool,,"AyaSpell Arabic Dictionary for Hunspell Spellchecker Developpers: Taha Zerrouki: http://tahadz.com taha dot zerrouki at gmail dot com Collect data manually Mohamed Kebdani, Morroco Ayaspell project aims to provide Arabic dictionaries for free office applications like OpenOffice.org, Firefox, Thunderbird, abiword, gedit ...etc. This project is under GPL/LGPL/MPL tri-license.",تحت الانتظار ⌛,,,٢٨ أبريل ٢٠٢٦ ١١:١٥ م,"ezz ",No,,
tnkeeh,,,,https://github.com/ARBML/tnkeeh,,"OCR system for Arabic language that converts images of typed text to machine-encoded text. The system currently supports only letters (29 letters) ا-ى , لا. The system aims to solve a simpler problem of OCR with images that contain only Arabic characters (check the dataset link below to see a sample of the images).",تحت الانتظار ⌛,,,٢٨ أبريل ٢٠٢٦ ١١:١٥ م,"ezz ",No,,
arabert,,,,https://github.com/aub-mind/arabert,,"A specific Arabic language library for Python, provides basic functions to manipulate Arabic letters and text, like detecting Arabic letters, Arabic letters groups and characteristics, remove diacritics etc. مكتبة برمجية للغة العربية بلغة بيثون، توفر دوالا للتحكم في الحروف والنصوص، مثلا تحديد نوع الحرف، حذف الحركات، مقارنة التشكيل.",تحت الانتظار ⌛,,,٢٨ أبريل ٢٠٢٦ ١١:١٥ م,"ezz ",No,,
AyaSpell Arabic Dictionary for Spellchecking,,,,https://github.com/linuxscout/ayaspell,,Thia Arabic Word Embeddings Word2vec and vector length is 300 taken from Wikipedia Arabic articles Steps to Start this Application:- 1- Download pretrained Word2Vec model from this link:- https://drive.google.com/open?id=1y_195XEjo5HaSwj40hGVzR5JVp859jfj 2- Change this line in Views.py to your directory model = Word2Vec.load('ToDo from your directory') 3- Start Python Flask server.,تحت الانتظار ⌛,,,٢٨ أبريل ٢٠٢٦ ١١:١٤ م,"ezz ",No,,
Arabic Named Entity Recognition: What Works and What’s Next,"Machine learning, NER, NLP",,,https://github.com/LiyuanLucasLiu/ArabicNER,"This paper presents the winning solution to the Arabic Named Entity Recognition challenge organized by http://topcoder.com/. The proposed model integrates a variety of tailored techniques, including representation learning, feature engineering, sequence labeling, and ensemble learning. The final model achieves a test F1 score of 75.82% on the AQMAR dataset, significantly outperforming baseline models. Detailed analyses reveal its strengths and limitations, noting that (1) representation learning modules can greatly enhance performance but require proper preprocessing, and (2) the resulting embeddings can be further improved with feature engineering due to the limited size of the training data. All implementations and pre-trained models are made public.",تستعرض هذه الورقة الحل الفائز في تحدي التعرف على الكيانات المسماة باللغة العربية الذي نظمته http://topcoder.com/. يدمج النموذج المقترح مجموعة من التقنيات المخصصة، بما في ذلك تعلم التمثيل، وهندسة الميزات، وتصنيف التسلسل، والتعلم الجماعي. حقق النموذج النهائي درجة F1 اختبار تبلغ 75.82% على مجموعة بيانات AQMAR، متفوقًا على المعايير السابقة بشكل كبير. تم إجراء تحليلات مفصلة للكشف عن نقاط القوة والقيود. نلاحظ على وجه الخصوص أن (1) وحدات تعلم التمثيل يمكن أن تعزز الأداء بشكل كبير ولكنها تتطلب معالجة مسبقة مناسبة، و(2) يمكن تحسين التضمين الناتج بمزيد من هندسة الميزات بسبب الحجم المحدود لبيانات التدريب. تم نشر جميع الإجراءات والنماذج المدربة مسبقًا للجمهور.,اكتمل ✅,نشط 🚀,https://www.aclweb.org/anthology/W19-4607.pdf,٨ نوفمبر ٢٠٢٤ ٨:٣٨ م,"ezz ",Yes,ورقة بحثية,"أنواع الأعيان, أنواع الكلمات, اللغة عربية, تحليل صرفي, معالجة اللغة الطبيعية"
PyArabic,Python,GPL-3.0 License,,https://github.com/linuxscout/pyarabic,"A specific Arabic language library for Python,
 provides basic functions to manipulate Arabic letters and text, like 
detecting Arabic letters, Arabic letters groups and characteristics, 
remove diacritics etc.",مكتبة برمجية للغة العربية بلغة بيثون، توفر دوالّ للتحكم في الحروف والنصوص، مثلا تحديد نوع الحرف، حذف الحركات، مقارنة التشكيل.,تحت الانتظار ⌛,نشط 🚀,,١٣ فبراير ٢٠٢٦ ١:٤٧ م,محمد الصوالحي,Yes,مكتبة برمجية,"أنواع الكلمات, التشكيل, اللغة عربية, تحليل صرفي, تقنية"
ArabicTransliterator,,,,https://github.com/MTG/ArabicTransliterator,,"A dataset for online arabic calligraphy Support Arabic people working on research by creating an environment for ideas in NLP and speech. 0 Updated 9 0 Apr 25, 2021 People This organization has no public members. You must be a member to see who's a part of this organization.",تحت الانتظار ⌛,,,٢٨ أبريل ٢٠٢٦ ١١:١٢ م,محمد الصوالحي,No,,
Arabic Word Embeddings Word2vec,,,,https://github.com/rozester/Arabic-Word-Embeddings-Word2vec,,يهدف المشروع إلى إيجاد طريقة لرقمنة كتب التراث العربي عن طريق الجهد الموزع بين فئة كبيرة من الناس.,تحت الانتظار ⌛,,,٢٨ أبريل ٢٠٢٦ ١١:١٢ م,محمد الصوالحي,No,,
raqin,,,,https://github.com/Fahad-Alsaidi/raqin,,"OCR system for Arabic language that converts images of typed text to machine-encoded text. The system currently supports only letters (29 letters) ا-ى , لا. The system aims to solve a simpler problem of OCR with images that contain only Arabic characters (check the dataset link below to see a sample of the images).",تحت الانتظار ⌛,,,٢٨ أبريل ٢٠٢٦ ١١:١٢ م,محمد الصوالحي,No,,
Arabic_OCR,,,,https://github.com/maidaly/Arabic_OCR,,The Arabic NLP tools is in disarray. Most resources require affiliation with a university and are scattered across the web. This is an attempt to rectify that. This repository will attempt to provide Python wrappers (and perhaps eventually brew formulae!) for many of our field's tools.,تحت الانتظار ⌛,,,٢٨ أبريل ٢٠٢٦ ١١:١٢ م,محمد الصوالحي,No,,
ARBML,,,,https://github.com/ARBML,,"The winning solution to the Topcoder Arabic NER challenge. nvidia-docker build -t arabic_ner . nvidia-docker run -v ``pwd''/data:/data:ro -v :/wdata -it arabic_ner bash test.sh /data /wdata/solution.csv`` Using the following command to use the full model (changing auto to -1 to use CPU): bash test.sh /data /wdata/solution.csv auto Or, using the following command to use a single model (changing auto to -1 to use CPU): bash naive_inference.sh /data /wdata/solution.csv auto Liyuan Liu, Jingbo Shang and Jiawei Han.",قيد العمل 💪🏻,,,٢٨ أبريل ٢٠٢٦ ١٠:٥٥ م,محمد الصوالحي,No,,
Arabic NLP,,,,https://github.com/SemanticFrontiers/ArabicNLP,,"Handwriting recognition is the ability of a computer to receive and interpret intelligible handwritten input. This project use Neural Network toolbox in Matlab to train NN with pre registered words, the input to NN is a word (not seperated characters), the word converted to a vector to find the perfect match with other pre-registered words, The input to the project is an image file and the final result saved on a notepad txt file.",تحت الانتظار ⌛,,,٢٨ أبريل ٢٠٢٦ ١١:١١ م,محمد الصوالحي,No,,
Arabic-OCR,,,,https://github.com/HusseinYoussef/Arabic-OCR,,Model uses Named Entity Recognition concept to tag words in arabic text. It consists of Bi-directional GRU units(One forward and the other is backward) and a CRF layer referenced from https://arxiv.org/pdf/1508.01991v1.pdf Model is trained on ANERCorp dataset. And uses FastText's Arabic vectors for word embedding. No.,قيد العمل 💪🏻,,,٢٨ أبريل ٢٠٢٦ ١٠:٥٣ م,محمد الصوالحي,No,,
"Arabic NER ",,,,https://github.com/LiyuanLucasLiu/ArabicNER,,"This model detects arabic fonts (نسخ, رقعة) given a picture of the text, Live https://d7miiz.github.io/Arabic-Font-Detector-Website/ - GitHub - d7miiZ/Arabic-Font-Detector: This model detects arabic fonts (نسخ, رقعة) given a picture of the text, Live https://d7miiz.github.io/Arabic-Font-Detector-Website/",قيد العمل 💪🏻,,,٢٨ أبريل ٢٠٢٦ ١٠:٥٤ م,محمد الصوالحي,No,,
Arabic Handwriting Recognition Using Neural Network in MATLAB,"Matlab, Neural Networks, Text Recognition",NONE ❌,,https://github.com/JubbaSmail/Arabic-Handwriting-Recognition-Using-Matlab,"Handwriting recognition is the ability of a computer to receive and interpret intelligible handwritten input. This project use Neural Network toolbox in Matlab to train NN with pre registered words, the input to NN is a word (not seperated characters), the word converted to a vector to find the perfect match with other pre-registered words, The input to the project is an image file and the final result saved on a notepad txt file.",,اكتمل ✅,ميت ☠️,http://www.imljh.com/projects/arabichwr/index.xml,٨ نوفمبر ٢٠٢٤ ٣:٤١ م,"ezz ",Yes,,"اكتشاف النصوص, اللغة عربية, خط اليد"
Arabic-NER,"GRU Architecture, NER",NONE ❌,,https://github.com/HassanAzzam/Arabic-NER,"The Arabic Named Entity Recognition (Arabic-NER) model utilizes the concept of Named Entity Recognition to tag words in Arabic texts. It features a bi-directional GRU architecture (one forward and one backward) along with a CRF layer. The model is trained on the ANERCorp dataset and employs FastText's Arabic vectors for word embedding. It has 20 training epochs and an accuracy of 94.2%. The classification report shows high precision for the LOC category (0.99), with lower precision for PERSON (0.74), ORGANIZATION (0.64), and MISC (0.63).",نموذج التعرف على الكيانات المسماة باللغة العربية (Arabic-NER) يستخدم مفهوم التعرف على الكيانات لتعليم الكلمات في النصوص العربية. يعتمد تصميمه على وحدات GRU الثنائية الاتجاه (إحداها للأمام والأخرى للخلف) مع طبقة CRF. تم تدريب النموذج على مجموعة بيانات ANERCorp، ويستخدم متجهات FastText باللغة العربية للتضمين. عدد الفترات التدريبية هو 20، ودقة النموذج تبلغ 94.2%. تشمل تقارير التصنيف دقة عالية لفئة المواقع (0.99)، بينما كانت دقة فئات الأشخاص (0.74) والمنظمات (0.64) والمعلومات العامة (0.63) أقل.,اكتمل ✅,متوقف صيانته 😑,,٨ نوفمبر ٢٠٢٤ ٨:٣٠ م,"ezz ",Yes,Model,"أنواع الأعيان, أنواع الكلمات, اللغة عربية, تحليل صرفي"
Arabic-Font-Detector,"Jupyter Notebook, Machine learning, Python",MIT,,https://github.com/d7miiZ/Arabic-Font-Detector,"This model detects arabic fonts (نسخ, رقعة) given a picture of the text, Live ",محرك لقراءة الخطوط العربية (النسخ و الرقعة),اكتمل ✅,نشط 🚀,https://calbot.hawzen.me/,١ نوفمبر ٢٠٢٤ ٨:٤١ م,"ezz ",Yes,"تطبيق ويب, سكريبت برمجي",اللغة عربية
" Arabic TTS ( الناطق العربي ) ","Machine learning, Shell",MIT,dhad.png,https://github.com/asrajeh/arabic-tts,http://www.festvox.org/ voice trained on http://en.arabicspeechcorpus.com/,HTS Arabic voice for Festival TTS: is an arabic voice trained by HTS technologie to work on Festival TTS system. The voice is HMM trained on Nawar Arabic Speech Corpus. You can test the voice with diacritics on: http://ar.arabicspeechcorpus.com/ Install necessary packages: sudo apt-get install festival sudo apt-get install htsengine You can install Festival from pakcage manager from your linux distribution.,اكتمل ✅,متوقف صيانته 😑,,٢٥ أكتوبر ٢٠٢٤ ٣:٥٤ م,"ezz ",Yes,TTS,اللغة عربية
Klaam,"Jupyter Notebook, Machine learning, Python, Speech recognition",MIT,book.png,https://github.com/ARBML/klaam,"Arabic speech recognition, classification and text-to-speech using many 
advanced models like wave2vec and fastspeech2. This repository allows 
training and prediction using pretrained models.","نظام تعرف على الكلام العربي، تصنيفه، وتحويل النص إلى كلام باستخدام نماذج متقدمة مثل Wave2Vec وFastSpeech2. يوفر ادوات للتدريب والتنبؤ باستخدام نماذج مدربة مسبقاً لتحسين الأداء في مهام التعرف على الكلام وتحويل النص إلى صوت.
",اكتمل ✅,نشط 🚀,,١٢ فبراير ٢٠٢٦ ٦:٤٤ م,"ezz ",Yes,"CLI, مكتبة برمجية",مكتبة
Arabic Speech Corpus,"Database, Docker, Machine learning, Python, Speech recognition",CC Attribution 4.0 International License,logo%201.png,https://github.com/nawarhalabi/festival-tts-arabic-voices-docker,"This Speech corpus has been developed as part of PhD work carried out by https://uk.linkedin.com/pub/nawar-halabi/65/532/67b at the http://www.southampton.ac.uk/. The corpus was recorded in south Levantine Arabic (Damascian accent) using a professional studio. Synthesized speech as an output using this corpus has produced a high quality, natural voice.",تم بناء قاعدة البيانات هذه كجزء من اطروحة دكتوراة https://uk.linkedin.com/pub/nawar-halabi/65/532/67b في http://www.southampton.ac.uk/. تم تسجيل قاعدة البيانات هذه في استوديو احترافي بلهجة دمشقية. تم استخدام قاعدة البيانات هذه لتركيب كلام منطوق أوتوماتيكيا ذي جودة عالية.,اكتمل ✅,متوقف صيانته 😑,https://ar.arabicspeechcorpus.com/,٣ نوفمبر ٢٠٢٤ ٣:٢٧ م,أحمد الطبراني,Yes,"CLI, قاعدة بيانات, مكتبة برمجية","أصوات, اللغة عربية"
arabic-tacotron-tts,"Machine learning, Python",MIT,book.png,https://github.com/youssefsharief/arabic-tacotron-tts,End to end Arabic TTS system based on tacotron,نظام tts عربي مبني علي تاكتورون,اكتمل ✅,متوقف صيانته 😑,,٢٥ أكتوبر ٢٠٢٤ ٣:٣٥ م,"ezz ",Yes,"TTS, مكتبة برمجية",اللغة عربية
languagetool-tools-ar,Java,LGPL-2.1 license,,https://github.com/sohaibafifi/languagetool-tools-ar,Dev Tools for Arabic and LanguageTool,أدوات تطوير للغة العربية ولـ LanguageTool,احتاج مساعدة 🚨,ميت ☠️,,٩ نوفمبر ٢٠٢٤ ١١:٥٨ م,أحمد الطبراني,Yes,سكريبت برمجي,"اضافة لمكتبة, اللغة عربية, قواعد لغوية"
"Ghalatawi, Arabic AutoCorrect",,,,http://ghalatawi.sourceforge.net/,,"This repository contains the models, dataset, helpers, and systems' comparison for our paper on Arabic Text Diacritization: "" Neural Arabic Text Diacritization: State of the Art Results and a Novel Approach for Machine Translation"", Ali Fadel, Ibraheem Tuffaha, Bara' Al-Jawarneh and Mahmoud Al-Ayyoub, EMNLP-IJCNLP 2019.",تحت الانتظار ⌛,,,٢٨ أبريل ٢٠٢٦ ١١:١٠ م,MohammedAnwer,No,,
duali,"C, C++, Makefile, Python","BSD 3-Clause, BSD license",,https://gitlab.com/arabeyes-dev/duali,Arabic spellchecker,تصحيح إملائي عربي,احتاج مساعدة 🚨,ميت ☠️,,٩ نوفمبر ٢٠٢٤ ١١:٥٢ م,أحمد الطبراني,Yes,,
shakkelha,"Dataset, Jupyter Notebook, NLP, Neural Networks, Python",MIT,logo_(2).png,https://github.com/AliOsm/shakkelha,Neural Arabic text diacritization,التشكيل العصبي للنصوص العربية,اكتمل ✅,ميت ☠️,"https://shakkelha.up.railway.app/, https://aclanthology.org/D19-5229/",٩ نوفمبر ٢٠٢٤ ١١:٣٤ م,أحمد الطبراني,Yes,"CLI, Model, مكتبة برمجية, ورقة بحثية","التشكيل, اللغة عربية, معالجة اللغة الطبيعية"
arabic-text-diacritization,"Dataset, NLP, Python",MIT,,https://github.com/AliOsm/arabic-text-diacritization,Benchmark Arabic text diacritization dataset,مجموعة بيانات مرجعية لتصحيح أخطاء كتابة النصوص العربية,اكتمل ✅,ميت ☠️,https://arxiv.org/abs/1905.01965,٩ نوفمبر ٢٠٢٤ ١١:٤٦ م,أحمد الطبراني,No,"Model, قاعدة بيانات, مصادر, ورقة بحثية","التشكيل, اللغة عربية, معالجة اللغة الطبيعية"
mishkal,"NLP, Python, Web",GPL-3.0 License,Nx120xlogo.png.pagespeed.ic.wU3vZubqiN.png,https://github.com/linuxscout/mishkal,Mishkal Arabic text vocalization software," مشكال لتشكيل النصوص العربية",اكتمل ✅,متوقف صيانته 😑,http://www.tahadz.com/mishkal/main,٩ نوفمبر ٢٠٢٤ ٨:١٩ م,أحمد الطبراني,Yes,"CLI, تطبيق ويب, مكتبة برمجية","التشكيل, اللغة عربية, معالجة اللغة الطبيعية"
Shakkala,"Deep Learning, NLP, Python",MIT,shakkala.png,https://github.com/Barqawiz/Shakkala,"The Shakkala project presents a recurrent neural network for Arabic text vocalization that automatically forms Arabic characters (تشكيل الحروف) to enhance text-to-speech systems. The model can also be used in other applications such as improving search results. In the beta version, the model was trained on over a million sentences, including a majority of historical Arabic data from books and some modern data from the internet. The accuracy of the model reached up to 95%, and in some data sets it achieved even higher levels of accuracy depending on complexity and data distribution. This innovative approach has the potential to significantly improve the quality of writing and text-to-speech systems for the Arabic language.",التشكيل الالي للنصوص العربية,اكتمل ✅,متوقف صيانته 😑,"https://ahmadai.com/shakkala/, https://arxiv.org/abs/1905.01965",٩ نوفمبر ٢٠٢٤ ٨:٢٣ م,أحمد الطبراني,Yes,مكتبة برمجية,"التشكيل, اللغة عربية, معالجة اللغة الطبيعية"
jsastem,,,,https://github.com/ejtaal/jsastem,,,احتاج مساعدة 🚨,,,٩ نوفمبر ٢٠٢٤ ٣:٣٦ م,أحمد الطبراني,No,,
arabicstemmer,"Makefile, Python, Snowball",BSD license,favicon_(1).ico,https://github.com/assem-ch/arabicstemmer,An algorithm for Arabic stemming written on Snowball framework language. If offers light stemming and text normalization.,هذه خوارزمية لكتابة النصوص العربية مكتوبة بلغة إطار عمل Snowball. وهي توفر كتابة نصية بسيطة وتطبيع النص.,اكتمل ✅,متوقف صيانته 😑,https://arabicstemmer.com/,٩ نوفمبر ٢٠٢٤ ٣:٥٠ م,أحمد الطبراني,Yes,"CLI, تطبيق ويب, مكتبة برمجية","اللغة عربية, ايجاد جزور الكلمات, معالجة اللغة الطبيعية, ويب"
Sarf,"Gherkin, Java, NLP, Web",MIT,logo.jpg,https://github.com/alsaydi/sarf,Arabic Morphology System,نظام الاشتقاق والتصريف في اللغة العربية,اكتمل ✅,ميت ☠️,"https://sarf.one/, https://ossl.alecso.org/affich_oso_details.php?id=55, https://sourceforge.net/projects/sarf/files/sarf/sarf%201.0/",٨ نوفمبر ٢٠٢٤ ١:٤٠ م,أحمد الطبراني,Yes,"تطبيق ويب, مستندات ووثائق, ورقة بحثية","اللغة عربية, تحليل صرفي, معالجة اللغة الطبيعية, ويب"
Wojood - Nested Arabic NER,"Dataset, Machine learning, NLP, Python",MIT,arOntLogo.png,https://github.com/SinaLab/ArabicNER,Wojood is a corpus for Arabic nested Named Entity Recognition (NER). Nested entities occur when one entity mention is embedded inside another entity mention.,Wojood عبارة عن مجموعة من النصوص للتعرف على الكيانات المسماة المتداخلة (NER) باللغة العربية. تحدث الكيانات المتداخلة عندما يتم تضمين ذكر كيان داخل ذكر كيان آخر.,اكتمل ✅,نشط 🚀,https://sina.birzeit.edu/wojood/,١ نوفمبر ٢٠٢٤ ٢:٠٨ م,أحمد الطبراني,Yes,"Model, مكتبة برمجية, ورقة بحثية","اللغة عربية, محررات نصوص"
alankaa,"Dataset, Machine learning, NLP",NONE ❌,logo_(1)%201.png,https://alankaa.com/,Organize all modern Arabic dialects and make ties to the ancient ones.,تنظيم كافة اللهجات العربية الحديثة وربطها باللهجات القديمة.,اكتمل ✅,نشط 🚀,https://alankaa.com/project/index.php,١ نوفمبر ٢٠٢٤ ٢:١٣ م,أحمد الطبراني,No,"تطبيق ويب, فريق مبادر, قاعدة بيانات, مستندات ووثائق","اللغة عربية, توثيقات, فهرس, قاعدة بيانات, معجم, مكتبة"
Qutrub,"NLP, Python",NONE ❌,qutrub_hu6a99225b7657ebebb5c599d2c0f22f22_9535_1600x0_resize_q75_box.jpeg,https://github.com/linuxscout/qutrub,تصريف الأفعال العربية,Arabic verb conjugation software,اكتمل ✅,متوقف صيانته 😑,https://tahadz.com/homepage/ar/p/qutrub/,١ نوفمبر ٢٠٢٤ ٢:١٨ م,أحمد الطبراني,Yes,"Model, مكتبة برمجية","اللغة عربية, محررات نصوص"
Arabic Poem Generator,"Dataset, Jupyter Notebook, Python",MIT,,https://github.com/hayderkharrufa/arabic_poem_generator,Generating Arabic poetry using Markov chains.,توليد الشعر العربي باستخدام سلاسل ماركوف.,اكتمل ✅,ميت ☠️,"https://www.youtube.com/watch?v=Dnx6bE4Nwyo, https://www.kaggle.com/datasets/ahmedabelal/arabic-poetry",١ نوفمبر ٢٠٢٤ ٨:٤١ م,أحمد الطبراني,Yes,"Model, سكريبت برمجي","اللغة عربية, شعر"
Alif Type (حروف ألف),"Makefile, Python, SCSS, Tex",,24432779.png,https://github.com/aliftype,"Alif Type is a type foundry founded by Khaled Hosny, and specializes in Arabic and mathematical typefaces.",«حروف ألف» هو مسبك حروف رقمي أسسه خالد حسني، ويتخصص في الخطوط العربية والرياضياتية.,اكتمل ✅,نشط 🚀,https://aliftype.com/,٣٠ أكتوبر ٢٠٢٤ ١١:٢٨ م,أحمد الطبراني,Yes,"خط عربي, فريق مبادر, مجتمع, مكتبة برمجية","اللغة عربية, خط"
Khotot,,GNU General Public License v2.0,arabeyes-purple.png,https://gitlab.com/arabeyes-art/khotot,Khotot project aims at increasing the number of available Arabic free and open source fonts.,يهدف https://www.arabeyes.org/Khotot إلى بناء خطوط عربيّة حرّة مع دعم أفضل لخصائص القلم العربي، وتجميع الخطوط العربية الحرّة في مكان واحد.,اكتمل ✅,ميت ☠️,"https://www.arabeyes.org/Khotot, https://www.arabeyes.org/%D8%AE%D8%B7%D9%88%D8%B7",٣٠ أكتوبر ٢٠٢٤ ١١:٢٨ م,أحمد الطبراني,Yes,"خط عربي, فريق مبادر","اللغة عربية, خط"
https://github.com/aiaf/nimra,,OFL-1.1 License,119462.png,https://github.com/aiaf/nimra,Nimra is a typeface with MICR Eastern Arabic numerals in the style of E13B,,اكتمل ✅,متوقف صيانته 😑,https://makkuk.com/nimra/,٢ نوفمبر ٢٠٢٤ ١:٥٨ م,أحمد الطبراني,Yes,خط عربي,"اللغة عربية, خط"
Cairo,"Makefile, Python, Shell",OFL-1.1 License,0379d8f690a6660b7efe49c1.png,https://github.com/Gue3bara/Cairo,"Cairo is a contemporary Arabic and Latin typeface family. Extending the famous Latin typeface family Titillum Web to support the Arabic script, with a design that is based on the Kufi calligraphic style. Cairo balances classic and contemporary tastes with wide open counters and short ascenders and descenders that minimize length while maintaining easy readability. The lighter weights can be used for body text while the heavier weights are perfect for headlines and display typography. Each font includes stylistic ligatures and the Arabic component has a wide glyph set that supports the Arabic, Farsi and Urdu languages.",كايرو هو عائلة خطوط عربية لاتينية معاصرة، إمتداداً لعائلة الخطوط اللاتينية الشهيرة Titillum Web ليدعم اللغة العربية، بتصميم مبني على الخط الكوفي الكلاسيكي. خط كايرو يوازن بين الذوقين الكلاسيكي والمعاصر بمداور حروف مفتوحة وواسعة بين محددات عليا ودنيا قصيرة للحروف والتي تقلل من ارتفاع الحروف دون التأثير سلبا على المقروئية. الأوزان الخفيفة من الخط يمكن إستخدامها في كتابة متن المواضيع بينما الأوزان السميكة مناسبة أكثر للعناوين العريضة. خط كايرو يحوي مكتبة حروف غنية تدعم العربية، الأردو والفارسية وبمكتبة تشكيل كاملة ويصدر بستة أوزان مختلفة.,اكتمل ✅,متوقف صيانته 😑,https://gaber.design/cairo-free-font-family,٢ نوفمبر ٢٠٢٤ ١:٥٨ م,أحمد الطبراني,Yes,خط عربي,"اللغة عربية, خط"
خط أسس (خط للأكواد العربية),,NONE ❌,,,Monospace font for Arabic code that may contain Latin-like text. It was built mainly for the code editor of Alusus programming language but can be used as other use cases.,خط أسس أحادي المسافة، صمم بشكل رئيسي لمحررات أكواد لغة الأسس وهو متاح الآن لستخدمه كيفما تشاء ومع أي لغة أحببت.,اكتمل ✅,نشط 🚀,https://community.alusus.org/t/kht-erby-jdyd-thabt-alerd-mwnw/23,١ نوفمبر ٢٠٢٤ ٢:٢٤ م,محمد الصوالحي,No,خط عربي,"اللغة عربية, تقنية, خط, فونت, ويب"
"Kawkab Mono ",,OFL-1.1 License,kawkab-mono-logo.png,https://github.com/aiaf/kawkab-mono,"Kawkab Mono (كوكب مونو) is a monospaced Arabic typeface. It's designed for code and text-editing in particular, and whenever having a fixed-pitch font is necessary, such as when composing tabular data using text. There's a dearth in monospaced Arabic fonts and Kawkab comes to fill a void in this niche.",كوكب مونو هو خط عربي ثابت عرض المحارف (monospaced typeface) صمم لاستخدامات عديدة تشمل تحرير النصوص البرمجية والنثرية أو عندما يكون ثبات عرض المحرف ضروريًا كما عند إنشاء الجداول النصية أو نماذج التعبئة الورقية. تعد هذه الفئة من الخطوط نادرة جدًا في الخط العربي ويأتي كوكب مونو ليسد شيئًا من ذلك الفراغ.,اكتمل ✅,متوقف صيانته 😑,https://makkuk.com/kawkab-mono/,٢ نوفمبر ٢٠٢٤ ١:٥٨ م,أحمد الطبراني,Yes,خط عربي,"اللغة عربية, خط"
دليل أسلوب كتابة المحتوى (Content Style Guide),"CSS, Markdown",MIT,Screenshot_2024-11-01_093328.png,https://csg.uxwritingar.com/,,أهلًا بك في دليل أسلوب كتابة المحتوى (Content Style Guide) - الإصدارة الأولى، هذا الدليل (مفتوح المصدر) مساهمة لإثراء مجال كتابة تجربة المستخدم (UX Writing) وتصميم المحتوى (Content Design) باللغة العربية، يمكنك المساهمة معنا في إضافة أو تعديل وكذلك تحسين الدليل بإتباع التعليمات على موقع Github.,اكتمل ✅,نشط 🚀,https://github.com/UX-Writing/Content-Style-Guide-in-Arabic,١ نوفمبر ٢٠٢٤ ٩:٣٣ ص,محمد الصوالحي,Yes,"تعليم, مستندات ووثائق","اللغة عربية, تحسين تجربة المستخدم, تعليم, تقنية, توثيقات"
Arabic Initiative for User Experience (AIUX),,NONE ❌,,https://github.com/KL13NT/AIUX,The Arabic Initiative for User Experience (AIUX) is an idea for building a better world for Arabic-speaking users. It outlines ways in which the Arabic community could enhance existing tooling and content to provide a better UX for Arabic-speaking users.,المبادرة العربية لتجربة المستخدم هي مبادرة تهدف لبناء عالم أفضل للمتحدثين بالعربية. هي مبادرة تدفع باتجاه تحسين الأدوات المتاحة والحث على أهمية الاعتناء بتفاصيل التجربة وتحسينها.,اكتمل ✅,متوقف صيانته 😑,,١ نوفمبر ٢٠٢٤ ٩:٢٦ ص,محمد الصوالحي,Yes,فريق مبادر,"اللغة عربية, تحسين تجربة المستخدم, تقنية"
Osman Readability Metric,Java,NONE ❌,6008504.png,https://github.com/drelhaj/OsmanReadability,"OSMAN is an open-source Java tool designed for calculating the readability of Arabic text, supporting both text with and without diacritics (Tashkeel). It provides an efficient method for estimating syllables and calculating readability, even when diacritics are absent. The tool was originally published as a paper at LREC 2016 and has been updated in 2020 for improved performance and to avoid copyright issues with previous dependencies. It also offers functionality to compute other readability metrics like ARI and LIX.",OSMAN هو أداة مفتوحة المصدر مكتوبة بلغة Java لقياس قابلية قراءة النصوص العربية، سواء كانت مشكولة أو غير مشكولة. توفر طريقة فعالة لتقدير المقاطع الصوتية وحساب درجة الوضوح حتى عند غياب التشكيل. تم نشر الأداة لأول مرة في ورقة بحثية في LREC 2016 وتم تحديثها في عام 2020 لتحسين الأداء وتجنب مشاكل حقوق الطبع. كما تدعم حساب مؤشرات قراءة أخرى مثل ARI و LIX.,اكتمل ✅,متوقف صيانته 😑,https://www.lancaster.ac.uk/staff/elhaj/docs/elhajlrec2016Arabic.pdf,٢٥ أكتوبر ٢٠٢٤ ٣:٣٧ م,محمد الصوالحي,Yes,CLI,اللغة عربية
مجتمع أسس,"CSS, HTML, JavaScript, Shell Script",,16447867.png,https://github.com/aosus,Aosus is the biggest (as they say) Arabic FOSS community.,أسس مجتمع غير ربحي يهدف إلى نشر فكرة وثقافة البرمجيات الحرة والمفتوحة المصدر في الوطن العربي,اكتمل ✅,نشط 🚀,"https://aosus.org/, https://t.me/aosus, https://twitter.com/2linuxorg, https://mastodon.online/@aosus, https://www.facebook.com/aosus1, https://www.linkedin.com/company/aosus",٢٣ أكتوبر ٢٠٢٤ ٦:٤٤ م,محمد الصوالحي,Yes,"فريق مبادر, مجتمع",
أعجوبة,"HTML, Python, Shell Script",رخصة وقف من أعجوبة,https://ojuba.org/_media/ojuba.png,https://github.com/ojuba-org,"http://ojuba.org/ is an Arabic platform focused on promoting free and open-source software. It offers tutorials, resources, and community discussions around Linux, open-source tools, and software freedom. The site aims to support Arabic-speaking users in adopting and using these technologies in their personal and professional lives.","موقع ""أجوبة"" هو منصة عربية حرة تقدم محتوى متنوع في مجالات مثل البرمجيات الحرة، أنظمة التشغيل، والبرمجيات مفتوحة المصدر. يهدف الموقع إلى تعزيز استخدام البرمجيات الحرة بين المستخدمين العرب ويوفر شروحات ودروساً حول كيفية الاستفادة منها في حياتهم اليومية أو في عملهم.",اكتمل ✅,ميت ☠️,"https://ojuba.org/, https://x.com/ojuba_org",٢٣ أكتوبر ٢٠٢٤ ٣:٢٠ م,محمد الصوالحي,Yes,"فريق مبادر, مجتمع","إسلام, اللغة عربية, توثيقات, فهرس, معجم, مكتبة, نظام تشغيل"
اسماء.شبكة,,,https://xn--ggbla1c4e.xn--ngbc5azd/images/xarabicLogo.PNG.pagespeed.ic.IZkfFqYy8v.png,,,عبر .شبكة، هناك إمكانية أن يتواصل أكثر من 380 مليون ناطق باللغة العربية في منطقة الشرق الأوسط وشمال أفريقيا فقط! ومن المعروف أن العربية هي اللغة الخامسة على مستوى العالم من حيث عدد الناطقين بها والأسرع انتشاراً على الإنترنت (فقد حققت نمواً ملحوظاً بمعدل 2500% في السنوات العشرة المنتهية في العام 2011 مقارنة باللغة الإنجليزية التي سجلت معدل 300% في الفترة نفسها).,اكتمل ✅,نشط 🚀,https://xn--ggbla1c4e.xn--ngbc5azd/,١٣ فبراير ٢٠٢٦ ١:٢٣ م,محمد الصوالحي,No,"اسم نطاق, خدمات سحابية","اسم النطاق, برمجة, خدمات سحابية, ويب"
بالعربي.مصر,,,Screenshot_2024-10-23_121656.png,,"The "".مصر"" domain is an Arabic top-level domain allowing businesses and individuals to register website addresses using Arabic characters instead of Latin ones like "".com"". It aims to make the internet more accessible to Arabic speakers, offering opportunities to claim domain names previously unavailable in other extensions. The service is regulated by Egypt’s National Telecom Regulatory Authority, with rules on intellectual property and content. ""Link Datacenter"" provides registration and hosting services, leveraging its extensive experience in the Egyptian domain market.","دومين "".مصر"" هو نطاق علوي دولي مخصص لاستخدام اللغة العربية في عناوين المواقع الإلكترونية. يسمح للشركات والأفراد بتسجيل أسماء نطاقات باستخدام الحروف العربية بدلًا من اللاتينية مثل "".com"". هذه الخطوة تسهّل استخدام الإنترنت في المجتمعات الناطقة بالعربية، وتفتح المجال لحجز أسماء نطاقات لم تعد متاحة على النطاقات التقليدية. يُشترط الالتزام بالقواعد القانونية والتنظيمية لضمان حماية حقوق الملكية الفكرية. شركة ""لينك داتاسنتر"" تقدم خدمات تسجيل واستضافة لهذه النطاقات نظرًا لخبرتها الواسعة في السوق المصري.",اكتمل ✅,ميت ☠️,https://web.archive.org/web/20210613173631/http://xn--mgbbb9a1b0d2b.xn--wgbh1c/,٢٣ أكتوبر ٢٠٢٤ ١٢:٣٦ م,محمد الصوالحي,No,"اسم نطاق, خدمات سحابية","اسم النطاق, برمجة, خدمات سحابية, ويب"
Ara,Machine learning,,6008504.png,https://github.com/latiif/ara,,A command line tool that correctly displays Arabic text in terminals. Check releases and download the binary directly. Get the binary and add it to your $PATH wget https://github.com/latiif/ara/releases/download/v0.7/ara && chmod +x ara 🆕 Undotting of Arabic letters (Rasm). 🆕 Revamped command line interface.,تحت الانتظار ⌛,متوقف صيانته 😑,,١٦ مايو ٢٠٢٦ ١٢:٣٩ م,MohammedAnwer,Yes,CLI,"اللغة عربية, برمجة"
Tafqit,JavaScript,MIT,51336583.png,https://github.com/MohsenAlyafei/tafqit,"Tafqit is an open-source JavaScript library designed to convert numbers into Arabic text using the ""Tafqit"" system. It supports both integer and decimal numbers, converting them into Arabic words, such as turning ""123"" into ""مئة وثلاثة وعشرون"". This library is useful for applications like invoices, financial documents, or any app requiring number-to-text conversion in Arabic.","مكتبة “تفقيط” هي مكتبة جافاسكريبت مفتوحة المصدر تهدف إلى تحويل الأرقام إلى نصوص باللغة العربية باستخدام نظام ""تفقيط"". يمكن للمكتبة التعامل مع الأرقام الصحيحة والأرقام العشرية، وتحويلها إلى كلمات عربية مثل تحويل الرقم ""123"" إلى ""مئة وثلاثة وعشرون"". تُعد هذه المكتبة مفيدة في تطبيقات مثل الفواتير، المستندات المالية، أو أي تطبيق يتطلب كتابة الأرقام بالحروف العربية.",اكتمل ✅,متوقف صيانته 😑,,٢٣ أكتوبر ٢٠٢٤ ١٢:٣٥ م,محمد الصوالحي,Yes,مكتبة برمجية,"اللغة عربية, برمجة, مكتبة, ويب"
Hillal Linux,Linux,,,https://github.com/mhsabbagh/helallinux,,Official code repository for the Helal Linux project.,تحت الانتظار ⌛,ميت ☠️,,٨ نوفمبر ٢٠٢٤ ٨:٣٢ م,MohammedAnwer,No,,"برمجة, نظام تشغيل"
Mujallad مجلّد,"Flask, Markdown, Python",,,https://github.com/mhsabbagh/mujallad,,إذا حاولت من قبل البحث عن طريقة لجعل Gitbook يدعم العربية ولم تجد، أو إذا ما كنت قد بحثت عن أي سكربت محتوى بسيط يدعم اللغة العربية ليقرأ ملفّات Markdown ويعرضها على شكل كتاب ولم تجد كذلك، فحينها ستسرّ عندما تتعرف إلى سكربت مجلّد. سكربت مجلّد هو تطبيق ويب مكتوب ببايثون وإطار العمل فلاسك.,تحت الانتظار ⌛,,,٨ نوفمبر ٢٠٢٤ ٨:٣٢ م,MohammedAnwer,No,"تعليم, مستندات ووثائق",توثيقات
RTL Styling,,,,https://rtlstyling.com/posts/rtl-styling,,"Do you like my content? You can support and buy me a coffee. Thank you so much! Over 292 million people around the world speak Arabic as their first language. Arabic (al-Arabiyyah, pronounced /al ʕarabijja/, /ʕarabiː/) is my native language, and I sometimes build websites that need to support both left-to-right (LTR) and right-to-left (RTL) styles.",تحت الانتظار ⌛,,,٨ نوفمبر ٢٠٢٤ ٨:٣٢ م,محمد الصوالحي,No,,"اللغة عربية, تعليم, ويب"
Arabic APIs,,,,https://github.com/AqeelAT/arabic-apis,,قائمة تشاركية لجمع الواجهات البرمجية العربية في مكان واحد هذه الفكرة مستوحاه من مشروع Public Apis أرجو منك المشاركة في اضافة الواجهات إلى هذه القائمة، سواء بمشاركة واجهات تعرفها، أو بإنشاء واجهات جديدة لملئ الفراغ التقني العربي.,تحت الانتظار ⌛,متوقف صيانته 😑,,١٦ مايو ٢٠٢٦ ١٢:٣٩ م,MohammedAnwer,Yes,,"برمجة, فهرس"
SimpleMDE - Markdown Editor (RTL),,,,https://github.com/imAbdelhadi/simplemde-rtl,,"Full RTL version of SimpleMDE Markdown Editor for Arabic, Persian, and Urdu languages. npm install simplemde-rtl --save Via jsDelivr. Please note, jsDelivr may take a few days to update to the latest release.",تحت الانتظار ⌛,,,٢٨ أبريل ٢٠٢٦ ١٠:٥٤ م,محمد الصوالحي,No,,محررات نصوص
Arabic voices for Festival TTS,"Machine learning, Python, Scheme, Speech recognition",GPL-3.0 License,,https://github.com/linuxscout/festival-tts-arabic-voices,Arabic voices for Festival TTS,أصوات عربية لـ Festival TTS,اكتمل ✅,متوقف صيانته 😑,,٢ نوفمبر ٢٠٢٤ ١:٥٨ م,أحمد الطبراني,Yes,"Model, سكريبت برمجي, مكتبة برمجية","أصوات, اللغة عربية"
https://sina.birzeit.edu/wojood/,,,,,,,احتاج مساعدة 🚨,,,٩ نوفمبر ٢٠٢٤ ٢:٢٩ م,أحمد الطبراني,No,,
Ar-PHP,"Backend, PHP, Web",GNU LGPL,Screenshot_2024-11-01_151524.png,https://github.com/khaled-alshamaa/ar-php,"Our mission is to develop open-source solutions and provide professional support to help small and medium businesses tackle the challenges of building professional Arabic websites using PHP and MySQL databases. The library we are developing aids our partners in saving time and enhancing efficiency.

This project offers a set of tools that enables Arabic website developers to deliver professional search, display, and content processing in Arabic using PHP.","مهمتنا هي تطوير حلول مفتوحة المصدر وتقديم دعم احترافي لمساعدة الشركات الصغيرة والمتوسطة في مواجهة التحديات التي ترافق تطوير مواقع عربية احترافية بلغة PHP وقاعدة MySQL للبيانات، حيث تساعد المكتبة التي نطورها شركائنا على اختصار الزمن وزيادة الفعالية.
يقدم هذا المشروع مجموعة من الأدوات التي تمكن مطوري المواقع العربية من تقديم بحث وعرض ومعالجة إحترافية للمحتوى العربي بلغة PHP.",اكتمل ✅,نشط 🚀,"https://ar-php.org/, https://www.youtube.com/watch?v=P4zV1Iu5QcE",١ نوفمبر ٢٠٢٤ ٣:١٦ م,محمد الصوالحي,Yes,مكتبة برمجية,"اللغة عربية, برمجة, تاريخ وزمن, تفقيط, مكتبة, ويب"
خدمات اللغة العربية,"Java, JavaScript, TypeScript",AGPL-3.0 License,old-arabic-script-desktop.png,https://github.com/Seen-Arabic/Arabic-Services,"Arabic Services is a versatile library offering utility functions for processing and transforming Arabic text. Features include removing diacritics, removing elongation characters, converting text to old Arabic script, and replacing banned words with visually similar characters.",خدمات اللغة العربية هي مكتبة برمجية متعددة الاستخدامات تقدم وظائف مساعدة لمعالجة وتحويل النصوص العربية. تشمل الميزات إزالة التشكيل، إزالة التطويل، تحويل النص إلى الخط العربي القديم، واستبدال الكلمات المحظورة بحروف مشابهة بصريًا.,اكتمل ✅,نشط 🚀,"https://github.com/Seen-Arabic/Arabic-Services-JavaScript/, https://github.com/Seen-Arabic/Arabic-Services-Java, https://arabic-services-api-v1.onrender.com/docs, https://www.npmjs.com/package/arabic-services, https://central.sonatype.com/artifact/io.github.seen-arabic/arabic-services",٢ نوفمبر ٢٠٢٤ ١:٥٨ م,Abd El-Rahman Bayoumi,Yes,"تطبيق ويب, مكتبة برمجية","التشكيل, اللغة عربية, معالجة اللغة الطبيعية"
Quran Align,"C++, CMU Sphinx, Linux, Python","CC Attribution 4.0 International License, MIT",,https://github.com/cpfair/quran-align,"A tool for producing word-precise segmentation of recorded Qur'anic recitation. Designed to work with http://everyayah.com/ style audio input.

Each word in the Qur'an is assigned a precise start and end timestamp within the recorded audio of the ayah. You can use this data to highlight the word currently being spoken during playback, to repeat a certain word or phrase, to compare against other audio, to analyze a qari's speaking cadence, and so on.","أداة لتحديد مواضع الكلمات بدقة في تسجيلات تلاوة القرآن الكريم. مصممة للعمل مع مدخلات الصوت بأسلوب EveryAyah.

يتم تخصيص توقيت بداية ونهاية دقيقين لكل كلمة في القرآن ضمن التسجيل الصوتي للآية. يمكنك استخدام هذه البيانات لتحديد الكلمة التي تُتلى حاليًا أثناء التشغيل، تكرار كلمة أو عبارة معينة، المقارنة مع تسجيلات أخرى، تحليل سرعة التلاوة للقارئ، وغيرها من الاستخدامات.",اكتمل ✅,ميت ☠️,https://github.com/cpfair/quran-align/releases/tag/release-2016-11-24,٢ نوفمبر ٢٠٢٤ ٢:٠٢ م,محمد الصوالحي,Yes,"CLI, Model, قاعدة بيانات","أصوات, إسلام, القرآن الكريم, تلاوات"
Dorar.net Hadith API,"API, Express.JS, Hadith, JSON, JavaScript, Node.JS",MIT,,https://github.com/AhmedElTabarani/dorar-hadith-api,API for dorar.net,API وسيط للـدرر السنية,اكتمل ✅,متوقف صيانته 😑,,٣ نوفمبر ٢٠٢٤ ٦:٢٧ م,أحمد الطبراني,Yes,"RESTful API, سكريبت برمجي",الحديث النبوي
Sunnah Hadith API,"API, Express.JS, Hadith, JSON, JavaScript, Node.JS",MIT,,https://github.com/AhmedElTabarani/sunnah-hadith-api,This is a simple API that scrapping data from the sunnah.com website. This API provide translation of the arabic hadith in English (Mainly English),"هذا API بسيطة يقوم بسحب البيانات من موقع http://sunnah.com/
ميزته أنه يوفر البحث عن الاحاديث سواء بنص عربي أو انجليزي والنتائج تكون مترجمة باللغة العربية والإنجليزية

",اكتمل ✅,متوقف صيانته 😑,,٣ نوفمبر ٢٠٢٤ ٦:٢٧ م,أحمد الطبراني,Yes,"RESTful API, سكريبت برمجي",الحديث النبوي
100 دعاء من الكتاب والسنة الصحيحة,"Azkar, JSON",MIT,,https://github.com/AhmedElTabarani/100-duaa-from-the-book-and-authentic-sunnah,"The book 100 Supplications from the Qur’an and the Authentic Sunnah is a book that contains 100 supplications from the Qur’an and the Authentic Sunnah, and they were compiled by Sheikh Muhammad Salih Al-Munajjid.",كتاب https://nuqayah.com/f/100-duaa.pdf هو كتاب يحتوي على 100 دعاء من الكتاب والسنة الصحيحة، وقد تم تجميعها بواسطة الشيخ محمد صالح المنجد,اكتمل ✅,متوقف صيانته 😑,,٣ نوفمبر ٢٠٢٤ ٦:٢٧ م,أحمد الطبراني,Yes,كتاب,"أدعية, الأذكار"
Hadith Checker Extension,"Hadith, JavaScript",MIT,unnamed.png,https://github.com/AhmedElTabarani/hadith-checker-extension,A browser extension through which you can verify whether Hadiths are authentic or fabricated,إضافة للمتصفح تستطيع من خلالها أن تتفقد الأحاديث هل هي موضوعة أو صحيحة,اكتمل ✅,متوقف صيانته 😑,https://chromewebstore.google.com/detail/%D8%A7%D9%84%D8%AA%D8%AD%D9%82%D9%82-%D9%85%D9%86-%D8%A7%D9%84%D8%A3%D8%AD%D8%A7%D8%AF%D9%8A%D8%AB-hadith/cfbllcckohbiiplkigbfllfphhakanke,٢٩ مايو ٢٠٢٦ ١٢:٣١ ص,أحمد الطبراني,Yes,اضافة للمتصفحات,الحديث النبوي
Azkar Reminder Extension,"Azkar, JavaScript",MIT,unnamed_(1).png,https://github.com/AhmedElTabarani/azkar-reminder-extension,"A browser extension that reminds you of the supplications and prayers continuously. It contains the morning and evening supplications and is translated into English. Every so often, a random supplication will be displayed to you in the form of a notification that comes to you through the browser.",إضافة للمتصفح تتذكرك بالأذكار والأدعية بشكل مستمر وبها اذكار الصباح والمساء ومترجمة للغة الإنجليزية كل مدة يتم سيتم عرض لك دعاء عشوائي على هيئة اشعار يأتيك من خلال المتصفح,اكتمل ✅,متوقف صيانته 😑,https://chromewebstore.google.com/detail/%D9%85%D8%B0%D9%83%D8%B1-%D8%A7%D9%84%D8%A3%D8%B0%D9%83%D8%A7%D8%B1/fcagcaikgffokonhlfbaainnaknhjkpp,٣ نوفمبر ٢٠٢٤ ٦:٢٨ م,أحمد الطبراني,Yes,اضافة للمتصفحات,"أدعية, الأذكار"